ID,url
156481,https://www.makorrishon.co.il/makorrishon.co.il/news/826175/
157025,https://www.makorrishon.co.il/makorrishon.co.il/opinion/823082/
157069,https://www.makorrishon.co.il/makorrishon.co.il/judaism/825487/
157086,https://www.makorrishon.co.il/makorrishon.co.il/news/787683/
157086,https://www.makorrishon.co.il/makorrishon.co.il/international/827225/
157086,https://www.makorrishon.co.il/makorrishon.co.il/news/793158/
157272,https://www.makorrishon.co.il/makorrishon.co.il/news/823386/
157317,https://www.makorrishon.co.il/makorrishon.co.il/news/825236/
157335,https://www.makorrishon.co.il/tag/%D7%99%D7%A9%D7%A8%D7%90%D7%9C-%D7%90%D7%99%D7%99%D7%9B%D7%9C%D7%A8/
157336,https://www.makorrishon.co.il/tag/%D7%99%D7%A9%D7%A8%D7%90%D7%9C-%D7%90%D7%99%D7%99%D7%9B%D7%9C%D7%A8/
157338,https://www.makorrishon.co.il/tag/%D7%99%D7%A9%D7%A8%D7%90%D7%9C-%D7%90%D7%99%D7%99%D7%9B%D7%9C%D7%A8/
157339,https://www.makorrishon.co.il/tag/%D7%99%D7%A9%D7%A8%D7%90%D7%9C-%D7%90%D7%99%D7%99%D7%9B%D7%9C%D7%A8/
157340,https://www.makorrishon.co.il/tag/%D7%99%D7%A9%D7%A8%D7%90%D7%9C-%D7%90%D7%99%D7%99%D7%9B%D7%9C%D7%A8/
157341,https://www.makorrishon.co.il/tag/%D7%99%D7%A9%D7%A8%D7%90%D7%9C-%D7%90%D7%99%D7%99%D7%9B%D7%9C%D7%A8/
157342,https://www.makorrishon.co.il/tag/%D7%99%D7%A9%D7%A8%D7%90%D7%9C-%D7%90%D7%99%D7%99%D7%9B%D7%9C%D7%A8/
157343,https://www.makorrishon.co.il/tag/%D7%99%D7%A9%D7%A8%D7%90%D7%9C-%D7%90%D7%99%D7%99%D7%9B%D7%9C%D7%A8/
157348,https://www.makorrishon.co.il/tag/%D7%99%D7%A9%D7%A8%D7%90%D7%9C-%D7%90%D7%99%D7%99%D7%9B%D7%9C%D7%A8/
157365,https://www.makorrishon.co.il/news/787683/
157365,https://www.makorrishon.co.il/international/827225/
157366,https://www.makorrishon.co.il/news/787683/
157366,https://www.makorrishon.co.il/international/827225/
157370,https://www.makorrishon.co.il/news/787683/
157370,https://www.makorrishon.co.il/international/827225/
157370,https://www.makorrishon.co.il/news/793158/
157371,https://www.makorrishon.co.il/makorrishon.co.il/news/825236/
157371,https://www.makorrishon.co.il/news/823386/
157372,https://www.makorrishon.co.il/makorrishon.co.il/news/825236/
157372,https://www.makorrishon.co.il/news/823386/
157379,https://www.makorrishon.co.il/news/787683/
157379,https://www.makorrishon.co.il/international/827225/
157379,https://www.makorrishon.co.il/news/793158/
157391,https://www.makorrishon.co.il/news/787683/
157391,https://www.makorrishon.co.il/international/827225/
157391,https://www.makorrishon.co.il/news/793158/
157408,https://www.makorrishon.co.il/news/787683/
157408,https://www.makorrishon.co.il/international/827225/
157408,https://www.makorrishon.co.il/news/793158/
157428,https://www.makorrishon.co.il/tag/%D7%99%D7%A9%D7%A8%D7%90%D7%9C-%D7%90%D7%99%D7%99%D7%9B%D7%9C%D7%A8/
157437,https://www.makorrishon.co.il/
157437,
157437,
157437,
157437,
157437,
157437,
157579,https://www.makorrishon.co.il/news/826868/
157583,https://www.makorrishon.co.il/news/826868/
157587,https://www.makorrishon.co.il/news/690479/
157587,https://www.makorrishon.co.il/news/822706/
157587,https://www.makorrishon.co.il/news/817189/
157588,https://www.makorrishon.co.il/news/690479/
157588,https://www.makorrishon.co.il/news/822706/
157588,https://www.makorrishon.co.il/news/817189/
157589,https://www.makorrishon.co.il/news/826868/
157595,https://www.makorrishon.co.il/
157595,
157595,
157595,
157595,
157595,
157595,
157597,https://www.makorrishon.co.il/news/690479/
157597,https://www.makorrishon.co.il/news/822706/
157597,https://www.makorrishon.co.il/news/817189/
157627,https://www.makorrishon.co.il/news/690479/
157627,https://www.makorrishon.co.il/news/822706/
157627,https://www.makorrishon.co.il/news/817189/
157629,https://www.makorrishon.co.il/news/690479/
157629,https://www.makorrishon.co.il/news/822706/
157629,https://www.makorrishon.co.il/news/817189/
157630,https://www.makorrishon.co.il/news/690479/
157630,https://www.makorrishon.co.il/news/822706/
157630,https://www.makorrishon.co.il/news/817189/
157631,https://www.makorrishon.co.il/news/690479/
157631,https://www.makorrishon.co.il/news/822706/
157631,https://www.makorrishon.co.il/news/817189/
157632,https://www.makorrishon.co.il/news/690479/
157632,https://www.makorrishon.co.il/news/822706/
157632,https://www.makorrishon.co.il/news/817189/
157633,https://www.makorrishon.co.il/news/690479/
157633,https://www.makorrishon.co.il/news/822706/
157633,https://www.makorrishon.co.il/news/817189/
157644,https://www.makorrishon.co.il/news/826868/
157646,https://www.makorrishon.co.il/news/826868/
157672,https://www.makorrishon.co.il/news/826868/
157972,https://www.makorrishon.co.il/nrg/online/1/ART2/742/415.html
157972,https://www.makorrishon.co.il/opinion/773923/
157975,https://www.makorrishon.co.il/nrg/online/1/ART2/742/415.html
157975,https://www.makorrishon.co.il/opinion/773923/
157990,https://www.makorrishon.co.il/tag/%D7%A0%D7%A1%D7%A8%D7%90%D7%9C%D7%9C%D7%94/
157990,https://www.makorrishon.co.il/tag/%D7%99%D7%95%D7%90%D7%91-%D7%92%D7%9C%D7%A0%D7%98/
157990,https://www.makorrishon.co.il/tag/%D7%90%D7%9C%D7%99%D7%A2%D7%93-%D7%A9%D7%A8%D7%92%D7%90/
157993,https://www.makorrishon.co.il/tag/%D7%A0%D7%A1%D7%A8%D7%90%D7%9C%D7%9C%D7%94/
157993,https://www.makorrishon.co.il/tag/%D7%99%D7%95%D7%90%D7%91-%D7%92%D7%9C%D7%A0%D7%98/
157993,https://www.makorrishon.co.il/tag/%D7%90%D7%9C%D7%99%D7%A2%D7%93-%D7%A9%D7%A8%D7%92%D7%90/
157998,https://www.makorrishon.co.il/tag/%D7%99%D7%A8%D7%99%D7%91-%D7%9C%D7%95%D7%99%D7%9F/
157998,https://www.makorrishon.co.il/tag/%D7%92%D7%9C%D7%99-%D7%91%D7%94%D7%A8%D7%91-%D7%9E%D7%99%D7%90%D7%A8%D7%94/
157998,https://www.makorrishon.co.il/tag/%D7%92%D7%93%D7%A2%D7%95%D7%9F-%D7%A1%D7%A2%D7%A8/
157998,https://www.makorrishon.co.il/tag/%D7%A0%D7%A4%D7%AA%D7%9C%D7%99-%D7%91%D7%A0%D7%98/
157999,https://www.makorrishon.co.il/tag/%D7%99%D7%A8%D7%99%D7%91-%D7%9C%D7%95%D7%99%D7%9F/
157999,https://www.makorrishon.co.il/tag/%D7%92%D7%9C%D7%99-%D7%91%D7%94%D7%A8%D7%91-%D7%9E%D7%99%D7%90%D7%A8%D7%94/
157999,https://www.makorrishon.co.il/tag/%D7%92%D7%93%D7%A2%D7%95%D7%9F-%D7%A1%D7%A2%D7%A8/
157999,https://www.makorrishon.co.il/tag/%D7%A0%D7%A4%D7%AA%D7%9C%D7%99-%D7%91%D7%A0%D7%98/
158000,https://www.makorrishon.co.il/tag/%D7%91%D7%A0%D7%99%D7%9E%D7%99%D7%9F-%D7%A0%D7%AA%D7%A0%D7%99%D7%94%D7%95/
158000,https://www.makorrishon.co.il/tag/%D7%93%D7%95%D7%A0%D7%9C%D7%93-%D7%98%D7%A8%D7%90%D7%9E%D7%A4/
158000,https://www.makorrishon.co.il/tag/%D7%95%D7%9C%D7%93%D7%99%D7%9E%D7%99%D7%A8-%D7%96%D7%9C%D7%A0%D7%A1%D7%A7%D7%99/
158000,https://www.makorrishon.co.il/tag/%D7%92%D7%95-%D7%91%D7%99%D7%99%D7%93%D7%9F/
158000,https://www.makorrishon.co.il/tag/%D7%A2%D7%9C%D7%99-%D7%97%D7%9E%D7%99%D7%A0%D7%90%D7%99/
158000,https://www.makorrishon.co.il/tag/%D7%A1%D7%98%D7%99%D7%91-%D7%95%D7%95%D7%99%D7%98%D7%A7%D7%95%D7%A3/
158001,https://www.makorrishon.co.il/tag/%D7%91%D7%A0%D7%99%D7%9E%D7%99%D7%9F-%D7%A0%D7%AA%D7%A0%D7%99%D7%94%D7%95/
158001,https://www.makorrishon.co.il/tag/%D7%93%D7%95%D7%A0%D7%9C%D7%93-%D7%98%D7%A8%D7%90%D7%9E%D7%A4/
158001,https://www.makorrishon.co.il/tag/%D7%95%D7%9C%D7%93%D7%99%D7%9E%D7%99%D7%A8-%D7%96%D7%9C%D7%A0%D7%A1%D7%A7%D7%99/
158001,https://www.makorrishon.co.il/tag/%D7%92%D7%95-%D7%91%D7%99%D7%99%D7%93%D7%9F/
158001,https://www.makorrishon.co.il/tag/%D7%A2%D7%9C%D7%99-%D7%97%D7%9E%D7%99%D7%A0%D7%90%D7%99/
158001,https://www.makorrishon.co.il/tag/%D7%A1%D7%98%D7%99%D7%91-%D7%95%D7%95%D7%99%D7%98%D7%A7%D7%95%D7%A3/
158002,https://www.makorrishon.co.il/tag/%D7%91%D7%9F-%D7%96%D7%95%D7%A1%D7%9E%D7%9F/
158004,https://www.makorrishon.co.il/tag/%D7%91%D7%9F-%D7%96%D7%95%D7%A1%D7%9E%D7%9F/
158061,
158061,
158061,
158061,
158061,
158061,
158061,
158061,
158061,
158061,
158061,
158061,
158061,
158061,https://www.makorrishon.co.il/news/711583/
158061,
158061,
158061,
158061,
158061,
158061,
158061,
158061,
158061,
158061,
158061,
158061,
158061,
158061,https://www.makorrishon.co.il/news/628971/
158061,
158061,
158061,
158061,
158061,
158061,
158061,"https://www.makorrishon.co.il/news/687761/#:~:text=%D7%A2%D7%9C%20%D7%A4%D7%99%20%D7%94%D7%A2%D7%AA%D7%99%D7%A8%D7%94%2C%20%D7%90%D7%A9%D7%A8%20%D7%94%D7%92%D7%99%D7%A9%D7%95,%D7%94%D7%9E%D7%9C%D7%97%D7%9E%D7%94%2C%20%D7%95%D7%A4%D7%92%D7%99%D7%A2%D7%94%20%D7%96%D7%95%20%D7%9E%D7%A0%D7%95%D7%92%D7"
158061,
158061,
158061,
158061,
158061,
158061,
158061,
158061,
158061,
158061,
158061,
158061,
158061,
158061,
158061,
158061,
158061,
158061,
158061,
158061,
158061,
158061,
158061,
158061,
158061,
158061,
158061,
158061,
158061,
158061,
158061,
158061,
158061,
158061,
158061,
158061,
158061,
158061,
158061,
158066,
158066,
158066,
158066,
158066,
158066,
158066,
158066,
158066,
158066,
158066,
158066,
158066,
158066,https://www.makorrishon.co.il/news/711583/
158066,
158066,
158066,
158066,
158066,
158066,
158066,
158066,
158066,
158066,
158066,
158066,
158066,
158066,https://www.makorrishon.co.il/news/628971/
158066,
158066,
158066,
158066,
158066,
158066,
158066,"https://www.makorrishon.co.il/news/687761/#:~:text=%D7%A2%D7%9C%20%D7%A4%D7%99%20%D7%94%D7%A2%D7%AA%D7%99%D7%A8%D7%94%2C%20%D7%90%D7%A9%D7%A8%20%D7%94%D7%92%D7%99%D7%A9%D7%95,%D7%94%D7%9E%D7%9C%D7%97%D7%9E%D7%94%2C%20%D7%95%D7%A4%D7%92%D7%99%D7%A2%D7%94%20%D7%96%D7%95%20%D7%9E%D7%A0%D7%95%D7%92%D7"
158066,
158066,
158066,
158066,
158066,
158066,
158066,
158066,
158066,
158066,
158066,
158066,
158066,
158066,
158066,
158066,
158066,
158066,
158066,
158066,
158066,
158066,
158066,
158066,
158066,
158066,
158066,
158066,
158066,
158066,
158066,
158066,
158066,
158066,
158066,
158066,
158066,
158066,
158066,
158359,https://www.makorrishon.co.il/makorrishon.co.il/opinion/827430/
158359,
158359,https://www.makorrishon.co.il/news/820363/
158359,
158359,
158359,
158359,
158359,
158359,
158359,
158359,
158359,
158359,
158359,
158359,
158359,
158359,
158359,
158359,
158359,
158359,
158359,
158359,
158359,
158359,
158359,
158359,
158363,https://www.makorrishon.co.il/makorrishon.co.il/opinion/827430/
158363,
158363,https://www.makorrishon.co.il/news/820363/
158363,
158363,
158363,
158363,
158363,
158363,
158363,
158363,
158363,
158363,
158363,
158363,
158363,
158363,
158363,
158363,
158363,
158363,
158363,
158363,
158363,
158363,
158363,
158363,
158554,https://www.makorrishon.co.il/judaism/602895/
158555,https://www.makorrishon.co.il/judaism/602895/
158663,https://www.makorrishon.co.il/judaism/602895/
158891,https://www.makorrishon.co.il/news/829065/
158969,https://www.makorrishon.co.il/news/829065/
158976,https://www.makorrishon.co.il/news/829065/
158978,https://www.makorrishon.co.il/news/828562/
158979,https://www.makorrishon.co.il/opinion/829558/
158981,https://www.makorrishon.co.il/news/828562/
158987,https://www.makorrishon.co.il/news/829065/
158990,https://www.makorrishon.co.il/news/829065/
158991,https://www.makorrishon.co.il/opinion/829558/
158993,https://www.makorrishon.co.il/news/829065/
158995,https://www.makorrishon.co.il/news/829065/
158998,https://www.makorrishon.co.il/news/764229/
158998,https://www.makorrishon.co.il/news/764239/
158998,https://www.makorrishon.co.il/news/764452/
158998,https://www.makorrishon.co.il/opinion/788654/
159006,https://www.makorrishon.co.il/news/764229/
159006,https://www.makorrishon.co.il/news/764239/
159006,https://www.makorrishon.co.il/news/764452/
159006,https://www.makorrishon.co.il/opinion/788654/
159009,https://www.makorrishon.co.il/news/764229/
159009,https://www.makorrishon.co.il/news/764239/
159009,https://www.makorrishon.co.il/news/764452/
159009,https://www.makorrishon.co.il/opinion/788654/
159061,https://www.makorrishon.co.il/news/817836/
159061,https://www.makorrishon.co.il/news/790965/
159061,https://www.makorrishon.co.il/opinion/806633/
159063,https://www.makorrishon.co.il/news/817836/
159063,https://www.makorrishon.co.il/news/790965/
159063,https://www.makorrishon.co.il/opinion/806633/
159066,https://www.makorrishon.co.il/news/824176/
159067,https://www.makorrishon.co.il/news/824176/
159110,
159110,
159110,
159134,https://www.makorrishon.co.il/makorrishon.co.il/news/825236/
159134,https://www.makorrishon.co.il/news/823386/
159273,https://www.makorrishon.co.il/magazine/dyukan/765033/
159273,https://www.makorrishon.co.il/news/827861/
159273,https://www.makorrishon.co.il/magazine/dyukan/828179/
159274,https://www.makorrishon.co.il/magazine/dyukan/765033/
159274,https://www.makorrishon.co.il/news/827861/
159274,https://www.makorrishon.co.il/magazine/dyukan/828179/
159286,
159290,
159353,
159354,
159483,
159486,
159504,https://www.makorrishon.co.il/opinion/819703/
159523,https://www.makorrishon.co.il/opinion/819703/
159633,https://www.makorrishon.co.il/judaism/334401/
159633,https://www.makorrishon.co.il/judaism/334401/
159667,https://www.makorrishon.co.il/news/763100/
159667,https://www.makorrishon.co.il/culture/803857/
159669,https://www.makorrishon.co.il/news/763100/
159669,https://www.makorrishon.co.il/culture/803857/
159682,https://www.makorrishon.co.il/culture/826299/
159682,https://www.makorrishon.co.il/opinion/816477/
159699,https://www.makorrishon.co.il/culture/826299/
159699,https://www.makorrishon.co.il/opinion/816477/
159700,https://www.makorrishon.co.il/culture/826299/
159700,https://www.makorrishon.co.il/opinion/816477/
159701,https://www.makorrishon.co.il/judaism/334401/
159701,https://www.makorrishon.co.il/judaism/334401/
159730,https://www.makorrishon.co.il/judaism/334401/
159730,https://www.makorrishon.co.il/judaism/334401/
159732,https://www.makorrishon.co.il/judaism/334401/
159732,https://www.makorrishon.co.il/judaism/334401/
159739,https://www.makorrishon.co.il/judaism/334401/
159739,https://www.makorrishon.co.il/judaism/334401/
159741,https://www.makorrishon.co.il/judaism/334401/
159741,https://www.makorrishon.co.il/judaism/334401/
159748,https://www.makorrishon.co.il/judaism/334401/
159748,https://www.makorrishon.co.il/judaism/334401/
159760,https://www.makorrishon.co.il/news/827093/
159760,https://www.makorrishon.co.il/news/829585/
159760,https://www.makorrishon.co.il/news/824176/
159760,https://www.makorrishon.co.il/news/769929/
159765,https://www.makorrishon.co.il/news/827093/
159765,https://www.makorrishon.co.il/news/829585/
159765,https://www.makorrishon.co.il/news/824176/
159765,https://www.makorrishon.co.il/news/769929/
159781,https://www.makorrishon.co.il/news/827093/
159781,https://www.makorrishon.co.il/news/829585/
159781,https://www.makorrishon.co.il/news/824176/
159781,https://www.makorrishon.co.il/news/769929/
159783,https://www.makorrishon.co.il/news/827093/
159783,https://www.makorrishon.co.il/news/829585/
159783,https://www.makorrishon.co.il/news/824176/
159783,https://www.makorrishon.co.il/news/769929/
159784,https://www.makorrishon.co.il/news/827093/
159784,https://www.makorrishon.co.il/news/829585/
159784,https://www.makorrishon.co.il/news/824176/
159784,https://www.makorrishon.co.il/news/769929/
159785,
159795,
159821,
159821,
159821,
159821,https://www.makorrishon.co.il/tag/%D7%A2%D7%93-%D7%94%D7%90%D7%94%D7%91%D7%94/
159821,https://www.makorrishon.co.il/podcasts/825201/
159821,https://www.makorrishon.co.il/podcasts/821048/
159821,https://www.makorrishon.co.il/podcasts/815934/
159826,
159826,
159826,
159826,https://www.makorrishon.co.il/tag/%D7%A2%D7%93-%D7%94%D7%90%D7%94%D7%91%D7%94/
159826,https://www.makorrishon.co.il/podcasts/825201/
159826,https://www.makorrishon.co.il/podcasts/821048/
159826,https://www.makorrishon.co.il/podcasts/815934/
159958,https://www.makorrishon.co.il/culture/826299/
159958,https://www.makorrishon.co.il/opinion/816477/
159966,https://www.makorrishon.co.il/culture/826299/
159966,https://www.makorrishon.co.il/opinion/816477/
159968,https://www.makorrishon.co.il/culture/826299/
159968,https://www.makorrishon.co.il/opinion/816477/
160157,https://www.makorrishon.co.il/news/761731/
160157,https://www.makorrishon.co.il/news/813509/
160157,https://www.makorrishon.co.il/news/826862/
160174,https://www.makorrishon.co.il/news/761731/
160174,https://www.makorrishon.co.il/news/813509/
160174,https://www.makorrishon.co.il/news/826862/
160325,
160341,
160384,https://www.makorrishon.co.il/judaism/334401/
160384,https://www.makorrishon.co.il/judaism/334401/
160393,https://www.makorrishon.co.il/judaism/334401/
160393,https://www.makorrishon.co.il/judaism/334401/
160394,https://www.makorrishon.co.il/judaism/334401/
160394,https://www.makorrishon.co.il/judaism/334401/
160395,https://www.makorrishon.co.il/judaism/334401/
160395,https://www.makorrishon.co.il/judaism/334401/
160396,https://www.makorrishon.co.il/judaism/334401/
160396,https://www.makorrishon.co.il/judaism/334401/
160397,https://www.makorrishon.co.il/judaism/334401/
160397,https://www.makorrishon.co.il/judaism/334401/
160398,
160413,
160588,
160591,
160649,https://www.makorrishon.co.il/news/829748/
160649,https://www.makorrishon.co.il/opinion/829865/
160650,https://www.makorrishon.co.il/news/829748/
160650,https://www.makorrishon.co.il/opinion/829865/
160651,
160653,
160659,https://www.makorrishon.co.il/
160659,
160659,
160659,
160659,
160659,
160659,
160660,https://www.makorrishon.co.il/
160660,
160660,
160660,
160660,
160660,
160660,
160794,
160794,
160860,
160860,
161049,https://www.makorrishon.co.il/news/831113/
161049,https://www.makorrishon.co.il/news/831105/
161049,https://www.makorrishon.co.il/news/831089/
161049,https://www.makorrishon.co.il/news/831124/
161150,https://www.makorrishon.co.il/news/831113/
161150,https://www.makorrishon.co.il/news/831105/
161150,https://www.makorrishon.co.il/news/831089/
161150,https://www.makorrishon.co.il/news/831124/
161179,
161179,
161179,
161179,
161179,
161179,
161179,
161182,
161182,
161182,
161182,
161182,
161182,
161182,
161182,
161182,
161182,
161182,
161182,
161187,
161187,
161187,
161187,
161187,
161187,
161187,
161189,
161189,
161189,
161189,
161189,
161189,
161189,
161189,
161189,
161189,
161214,https://www.makorrishon.co.il/%D7%AA%D7%A0%D7%90%D7%99-%D7%A9%D7%99%D7%9E%D7%95%D7%A9/menuim@makorrishon.co.il
161214,https://www.makorrishon.co.il/makorrishon.co.il/
161215,https://www.makorrishon.co.il/%D7%AA%D7%A0%D7%90%D7%99-%D7%A9%D7%99%D7%9E%D7%95%D7%A9/menuim@makorrishon.co.il
161215,https://www.makorrishon.co.il/makorrishon.co.il/
161218,
161218,
161218,
161218,
161218,
161218,
161298,
161361,
161414,
161425,
161426,
161427,
161540,https://www.makorrishon.co.il/wp-content/uploads/2025/04/%D7%91%D7%90%D7%A0%D7%A8-%D7%90%D7%AA%D7%A8-%D7%97%D7%93%D7%A9-01.jpg
161547,https://www.makorrishon.co.il/wp-content/uploads/2025/04/%D7%91%D7%90%D7%A0%D7%A8-%D7%90%D7%AA%D7%A8-%D7%97%D7%93%D7%A9-01.jpg
161620,
161656,
161662,
161663,
161670,
161670,https://www.makorrishon.co.il/news/831643/
161671,
161682,
161682,https://www.makorrishon.co.il/news/831643/
161683,
161684,
161686,https://www.makorrishon.co.il/news/832057/
161687,https://www.makorrishon.co.il/news/832057/
161688,
161688,
161892,https://www.makorrishon.co.il/lifestyle/food-lifestyle/article/161179
161892,https://www.makorrishon.co.il/lifestyle/food-lifestyle/article/161182
161892,https://www.makorrishon.co.il/lifestyle/food-lifestyle/article/161187
161892,https://www.makorrishon.co.il/lifestyle/food-lifestyle/article/161189
161897,
161897,
161897,
161897,
161897,
161897,
161897,
161900,
161900,
161900,
161900,
161900,
161900,
161900,
161900,
161900,
161900,
161900,
161900,
161902,
161902,
161902,
161902,
161902,
161902,
161902,
161903,
161903,
161903,
161903,
161903,
161903,
161903,
161903,
161903,
161903,
161914,https://www.makorrishon.co.il/news/832382/
161914,
161915,https://www.makorrishon.co.il/news/832382/
161915,
161947,
161949,https://www.makorrishon.co.il/contact-us
162026,
162026,
162026,
162026,
162026,
162026,
162027,
162027,
162027,
162027,
162027,
162027,
162060,https://www.makorrishon.co.il/wp-content/uploads/2025/04/%D7%91%D7%90%D7%A0%D7%A8-%D7%90%D7%AA%D7%A8-%D7%97%D7%93%D7%A9-01.jpg
162061,
162064,
162083,
162103,
162103,
162103,
162103,
162103,
162103,
162103,
162111,
162111,
162111,
162111,
162111,
162111,
162111,
162112,
162112,
162112,
162112,
162112,
162112,
162112,
162112,
162112,
162112,
162112,
162112,
162115,
162115,
162115,
162115,
162115,
162115,
162115,
162117,
162117,
162117,
162117,
162117,
162117,
162117,
162117,
162117,
162117,
162149,
162149,
162149,
162149,
162149,
162149,
162149,
162152,
162152,
162152,
162152,
162152,
162152,
162152,
162152,
162152,
162152,
162154,https://www.makorrishon.co.il/lifestyle/food-lifestyle/article/161179
162154,https://www.makorrishon.co.il/lifestyle/food-lifestyle/article/161182
162154,https://www.makorrishon.co.il/lifestyle/food-lifestyle/article/161187
162154,https://www.makorrishon.co.il/lifestyle/food-lifestyle/article/161189
162158,
162158,
162158,
162158,
162158,
162158,
162158,
162163,
162182,
162248,
162248,
162248,
162248,
162248,
162248,
162248,
162248,
162248,
162248,
162264,
162264,
162264,
162264,
162264,
162264,
162264,
162303,https://www.makorrishon.co.il/news/article/162002
162305,https://www.makorrishon.co.il/news/article/162002
162308,https://www.makorrishon.co.il/news/article/162002
162320,https://www.makorrishon.co.il/news/article/162002
162374,
162374,
162374,
162374,
162374,
162374,
162374,
162410,https://www.makorrishon.co.il/news/article/162002
162416,https://www.makorrishon.co.il/news/article/162002
162511,
162595,https://www.makorrishon.co.il/news/article/162483
162605,
162605,
162605,
162605,
162605,
162605,
162605,
162605,
162605,
162605,
162605,
162605,
162605,
162605,
162605,
162605,
162605,
162605,
162605,
162605,
162605,
162605,
162605,
162605,
162605,https://www.makorrishon.co.il/news/807303/
162605,
162605,
162605,https://www.makorrishon.co.il/news/771662/
162605,
162605,
162605,
162605,
162605,
162605,
162605,
162605,
162605,
162605,
162605,
162605,
162605,
162605,
162605,
162605,
162605,
162605,
162605,
162605,
162605,
162605,https://www.makorrishon.co.il/news/defence/article/162303
162605,
162605,
162605,
162605,
162605,
162605,
162605,
162605,
162605,
162605,
162605,
162605,
162605,
162605,
162605,https://www.makorrishon.co.il/news/middleeast/article/162870
162605,
162605,
162605,
162605,
162605,
162605,https://www.makorrishon.co.il/international/830477/
162605,
162605,
162605,
162605,
162605,https://www.makorrishon.co.il/news/771662/
162605,https://www.makorrishon.co.il/news/764718/
162609,
162609,
162609,
162609,
162609,
162609,
162609,
162609,
162609,
162609,
162609,
162609,
162609,
162609,
162609,
162609,
162609,
162609,
162609,
162609,
162609,
162609,
162609,
162609,
162609,https://www.makorrishon.co.il/news/807303/
162609,
162609,
162609,https://www.makorrishon.co.il/news/771662/
162609,
162609,
162609,
162609,
162609,
162609,
162609,
162609,
162609,
162609,
162609,
162609,
162609,
162609,
162609,
162609,
162609,
162609,
162609,
162609,
162609,
162609,
162609,https://www.makorrishon.co.il/news/defence/article/162303
162609,
162609,
162609,
162609,
162609,
162609,
162609,
162609,
162609,
162609,
162609,
162609,
162609,
162609,
162609,
162609,
162609,
162609,
162609,https://www.makorrishon.co.il/international/830477/
162609,
162609,
162609,
162609,
162609,https://www.makorrishon.co.il/news/771662/
162609,https://www.makorrishon.co.il/news/764718/
162643,
162691,https://www.makorrishon.co.il/news/article/162483
162692,https://www.makorrishon.co.il/news/article/162483
162693,https://www.makorrishon.co.il/news/settlement/article/162025
162703,
162703,
162703,
162703,
162703,
162703,
162703,
162703,
162703,
162703,
162703,
162703,
162703,
162703,
162703,
162703,
162703,
162703,
162703,
162703,
162703,
162703,
162703,
162703,
162703,https://www.makorrishon.co.il/news/807303/
162703,
162703,
162703,https://www.makorrishon.co.il/news/771662/
162703,
162703,
162703,
162703,
162703,
162703,
162703,
162703,
162703,
162703,
162703,
162703,
162703,
162703,
162703,
162703,
162703,
162703,
162703,
162703,
162703,
162703,
162703,https://www.makorrishon.co.il/news/defence/article/162303
162703,
162703,
162703,
162703,
162703,
162703,
162703,
162703,
162703,
162703,
162703,
162703,
162703,
162703,
162703,
162703,
162703,
162703,
162703,https://www.makorrishon.co.il/international/830477/
162703,
162703,
162703,
162703,
162703,https://www.makorrishon.co.il/news/771662/
162703,https://www.makorrishon.co.il/news/764718/
162706,
162706,
162706,
162706,
162706,
162706,
162706,
162706,
162706,
162706,
162706,
162706,
162706,
162706,
162706,
162706,
162706,
162706,
162706,
162706,
162706,
162706,
162706,
162706,
162706,https://www.makorrishon.co.il/news/807303/
162706,
162706,
162706,https://www.makorrishon.co.il/news/771662/
162706,
162706,
162706,
162706,
162706,
162706,
162706,
162706,
162706,
162706,
162706,
162706,
162706,
162706,
162706,
162706,
162706,
162706,
162706,
162706,
162706,
162706,
162706,https://www.makorrishon.co.il/news/defence/article/162303
162706,
162706,
162706,
162706,
162706,
162706,
162706,
162706,
162706,
162706,
162706,
162706,
162706,
162706,
162706,
162706,
162706,
162706,
162706,https://www.makorrishon.co.il/international/830477/
162706,
162706,
162706,
162706,
162706,https://www.makorrishon.co.il/news/771662/
162706,https://www.makorrishon.co.il/news/764718/
162708,
162708,
162708,
162708,
162708,
162708,
162708,
162708,
162708,
162708,
162708,
162708,
162708,
162708,
162708,
162708,
162708,
162708,
162708,
162708,
162708,
162708,
162708,
162708,
162708,https://www.makorrishon.co.il/news/807303/
162708,
162708,
162708,https://www.makorrishon.co.il/news/771662/
162708,
162708,
162708,
162708,
162708,
162708,
162708,
162708,
162708,
162708,
162708,
162708,
162708,
162708,
162708,
162708,
162708,
162708,
162708,
162708,
162708,
162708,
162708,https://www.makorrishon.co.il/news/defence/article/162303
162708,
162708,
162708,
162708,
162708,
162708,
162708,
162708,
162708,
162708,
162708,
162708,
162708,
162708,
162708,
162708,
162708,
162708,
162708,https://www.makorrishon.co.il/international/830477/
162708,
162708,
162708,
162708,
162708,https://www.makorrishon.co.il/news/771662/
162708,https://www.makorrishon.co.il/news/764718/
162709,
162709,
162709,
162709,
162709,
162709,
162709,
162709,
162709,
162709,
162709,
162709,
162709,
162709,
162709,
162709,
162709,
162709,
162709,
162709,
162709,
162709,
162709,
162709,
162709,https://www.makorrishon.co.il/news/807303/
162709,
162709,
162709,https://www.makorrishon.co.il/news/771662/
162709,
162709,
162709,
162709,
162709,
162709,
162709,
162709,
162709,
162709,
162709,
162709,
162709,
162709,
162709,
162709,
162709,
162709,
162709,
162709,
162709,
162709,
162709,https://www.makorrishon.co.il/news/defence/article/162303
162709,
162709,
162709,
162709,
162709,
162709,
162709,
162709,
162709,
162709,
162709,
162709,
162709,
162709,
162709,
162709,
162709,
162709,
162709,https://www.makorrishon.co.il/international/830477/
162709,
162709,
162709,
162709,
162709,https://www.makorrishon.co.il/news/771662/
162709,https://www.makorrishon.co.il/news/764718/
162711,
162711,
162711,
162711,
162711,
162711,
162711,
162711,
162711,
162711,
162711,
162711,
162711,
162711,
162711,
162711,
162711,
162711,
162711,
162711,
162711,
162711,
162711,
162711,
162711,https://www.makorrishon.co.il/news/807303/
162711,
162711,
162711,https://www.makorrishon.co.il/news/771662/
162711,
162711,
162711,
162711,
162711,
162711,
162711,
162711,
162711,
162711,
162711,
162711,
162711,
162711,
162711,
162711,
162711,
162711,
162711,
162711,
162711,
162711,
162711,https://www.makorrishon.co.il/news/defence/article/162303
162711,
162711,
162711,
162711,
162711,
162711,
162711,
162711,
162711,
162711,
162711,
162711,
162711,
162711,
162711,
162711,
162711,
162711,
162711,https://www.makorrishon.co.il/international/830477/
162711,
162711,
162711,
162711,
162711,https://www.makorrishon.co.il/news/771662/
162711,https://www.makorrishon.co.il/news/764718/
162712,
162712,
162712,
162712,
162712,
162712,
162712,
162712,
162712,
162712,
162712,
162712,
162712,
162712,
162712,
162712,
162712,
162712,
162712,
162712,
162712,
162712,
162712,
162712,
162712,https://www.makorrishon.co.il/news/807303/
162712,
162712,
162712,https://www.makorrishon.co.il/news/771662/
162712,
162712,
162712,
162712,
162712,
162712,
162712,
162712,
162712,
162712,
162712,
162712,
162712,
162712,
162712,
162712,
162712,
162712,
162712,
162712,
162712,
162712,
162712,https://www.makorrishon.co.il/news/defence/article/162303
162712,
162712,
162712,
162712,
162712,
162712,
162712,
162712,
162712,
162712,
162712,
162712,
162712,
162712,
162712,
162712,
162712,
162712,
162712,https://www.makorrishon.co.il/international/830477/
162712,
162712,
162712,
162712,
162712,https://www.makorrishon.co.il/news/771662/
162712,https://www.makorrishon.co.il/news/764718/
162896,https://www.makorrishon.co.il/contact-us
162924,
162924,
162924,
162924,
162924,
162924,
162924,
162924,
162924,
162924,
162924,
162924,
162924,
162924,
162924,
162924,
162924,
162924,
162924,
162924,
162924,
162924,
162924,
162924,
162924,https://www.makorrishon.co.il/news/807303/
162924,
162924,
162924,https://www.makorrishon.co.il/news/771662/
162924,
162924,
162924,
162924,
162924,
162924,
162924,
162924,
162924,
162924,
162924,
162924,
162924,
162924,
162924,
162924,
162924,
162924,
162924,
162924,
162924,
162924,https://www.makorrishon.co.il/news/defence/article/162303
162924,
162924,
162924,
162924,
162924,
162924,
162924,
162924,
162924,
162924,
162924,
162924,
162924,
162924,
162924,
162924,
162924,
162924,
162924,https://www.makorrishon.co.il/international/830477/
162924,
162924,
162924,
162924,
162924,https://www.makorrishon.co.il/news/771662/
162924,https://www.makorrishon.co.il/news/764718/
162927,
162927,
162931,
162931,
162931,
162931,
162931,
162931,
162931,
162931,
162931,
162931,
162931,
162931,
162931,
162931,
162931,
162931,
162931,
162931,
162931,
162931,
162931,
162931,
162931,
162931,
162931,https://www.makorrishon.co.il/news/807303/
162931,
162931,
162931,https://www.makorrishon.co.il/news/771662/
162931,
162931,
162931,
162931,
162931,
162931,
162931,
162931,
162931,
162931,
162931,
162931,
162931,
162931,
162931,
162931,
162931,
162931,
162931,
162931,
162931,
162931,https://www.makorrishon.co.il/news/defence/article/162303
162931,
162931,
162931,
162931,
162931,
162931,
162931,
162931,
162931,
162931,
162931,
162931,
162931,
162931,
162931,
162931,
162931,
162931,
162931,https://www.makorrishon.co.il/international/830477/
162931,
162931,
162931,
162931,
162931,https://www.makorrishon.co.il/news/771662/
162931,https://www.makorrishon.co.il/news/764718/
163158,
163158,
163158,
163158,
163158,
163158,
163158,
163158,
163158,
163158,
163158,
163158,
163158,
163158,
163158,
163158,
163158,
163158,
163158,
163158,
163158,
163158,
163158,
163158,
163158,https://www.makorrishon.co.il/news/807303/
163158,
163158,
163158,https://www.makorrishon.co.il/news/771662/
163158,
163158,
163158,
163158,
163158,
163158,
163158,
163158,
163158,
163158,
163158,
163158,
163158,
163158,
163158,
163158,
163158,
163158,
163158,
163158,
163158,
163158,https://www.makorrishon.co.il/news/defence/article/162303
163158,
163158,
163158,
163158,
163158,
163158,
163158,
163158,
163158,
163158,
163158,
163158,
163158,
163158,
163158,
163158,
163158,
163158,
163158,https://www.makorrishon.co.il/international/830477/
163158,
163158,
163158,
163158,
163158,https://www.makorrishon.co.il/news/771662/
163158,https://www.makorrishon.co.il/news/764718/
163160,
163160,
163160,
163160,
163160,
163160,
163160,
163160,
163160,
163160,
163160,
163160,
163160,
163160,
163160,
163160,
163160,
163160,
163160,
163160,
163160,
163160,
163160,
163160,
163160,https://www.makorrishon.co.il/news/807303/
163160,
163160,
163160,https://www.makorrishon.co.il/news/771662/
163160,
163160,
163160,
163160,
163160,
163160,
163160,
163160,
163160,
163160,
163160,
163160,
163160,
163160,
163160,
163160,
163160,
163160,
163160,
163160,
163160,
163160,https://www.makorrishon.co.il/news/defence/article/162303
163160,
163160,
163160,
163160,
163160,
163160,
163160,
163160,
163160,
163160,
163160,
163160,
163160,
163160,
163160,
163160,
163160,
163160,
163160,https://www.makorrishon.co.il/international/830477/
163160,
163160,
163160,
163160,
163160,https://www.makorrishon.co.il/news/771662/
163160,https://www.makorrishon.co.il/news/764718/
163168,
163168,
163168,
163168,
163168,
163168,
163168,
163168,
163168,
163168,
163168,
163168,
163168,
163168,
163168,
163168,
163168,
163168,
163168,
163168,
163168,
163168,
163168,
163168,
163168,https://www.makorrishon.co.il/news/807303/
163168,
163168,
163168,https://www.makorrishon.co.il/news/771662/
163168,
163168,
163168,
163168,
163168,
163168,
163168,
163168,
163168,
163168,
163168,
163168,
163168,
163168,
163168,
163168,
163168,
163168,
163168,
163168,
163168,
163168,https://www.makorrishon.co.il/news/defence/article/162303
163168,
163168,
163168,
163168,
163168,
163168,
163168,
163168,
163168,
163168,
163168,
163168,
163168,
163168,
163168,
163168,
163168,
163168,
163168,https://www.makorrishon.co.il/international/830477/
163168,
163168,
163168,
163168,
163168,https://www.makorrishon.co.il/news/771662/
163168,https://www.makorrishon.co.il/news/764718/
163185,
163185,
163185,
163185,
163185,
163185,
163185,
163185,
163185,
163185,
163185,
163185,
163185,
163185,
163185,
163185,
163185,
163185,
163185,
163185,
163185,
163185,
163185,
163185,
163185,https://www.makorrishon.co.il/news/807303/
163185,
163185,
163185,https://www.makorrishon.co.il/news/771662/
163185,
163185,
163185,
163185,
163185,
163185,
163185,
163185,
163185,
163185,
163185,
163185,
163185,
163185,
163185,
163185,
163185,
163185,
163185,
163185,
163185,
163185,https://www.makorrishon.co.il/news/defence/article/162303
163185,
163185,
163185,
163185,
163185,
163185,
163185,
163185,
163185,
163185,
163185,
163185,
163185,
163185,
163185,
163185,
163185,
163185,
163185,
163185,https://www.makorrishon.co.il/international/830477/
163185,
163185,
163185,
163185,
163185,https://www.makorrishon.co.il/news/771662/
163185,https://www.makorrishon.co.il/news/764718/
163186,
163186,
163186,
163186,
163186,
163186,
163186,
163186,
163186,
163186,
163186,
163186,
163186,
163186,
163186,
163186,
163186,
163186,
163186,
163186,
163186,
163186,
163186,
163186,
163186,https://www.makorrishon.co.il/news/807303/
163186,
163186,
163186,https://www.makorrishon.co.il/news/771662/
163186,
163186,
163186,
163186,
163186,
163186,
163186,
163186,
163186,
163186,
163186,
163186,
163186,
163186,
163186,
163186,
163186,
163186,
163186,
163186,
163186,
163186,https://www.makorrishon.co.il/news/defence/article/162303
163186,
163186,
163186,
163186,
163186,
163186,
163186,
163186,
163186,
163186,
163186,
163186,
163186,
163186,
163186,https://www.makorrishon.co.il/news/middleeast/article/162870
163186,
163186,
163186,
163186,
163186,
163186,https://www.makorrishon.co.il/international/830477/
163186,
163186,
163186,
163186,
163186,https://www.makorrishon.co.il/news/771662/
163186,https://www.makorrishon.co.il/news/764718/
163240,
163240,
163240,
163240,
163240,
163240,
163240,
163241,
163251,
163256,
163300,
163300,
163300,
163300,
163300,
163300,
163300,
163300,
163300,
163300,
163300,
163300,
163300,
163300,
163300,
163300,
163300,
163300,
163300,
163300,
163300,
163300,
163300,
163300,
163300,https://www.makorrishon.co.il/news/807303/
163300,
163300,
163300,https://www.makorrishon.co.il/news/771662/
163300,
163300,
163300,
163300,
163300,
163300,
163300,
163300,
163300,
163300,
163300,
163300,
163300,
163300,
163300,
163300,
163300,
163300,
163300,
163300,
163300,
163300,https://www.makorrishon.co.il/news/defence/article/162303
163300,
163300,
163300,
163300,
163300,
163300,
163300,
163300,
163300,
163300,
163300,
163300,
163300,
163300,
163300,https://www.makorrishon.co.il/news/middleeast/article/162870
163300,
163300,
163300,
163300,
163300,
163300,https://www.makorrishon.co.il/international/830477/
163300,
163300,
163300,
163300,
163300,https://www.makorrishon.co.il/news/771662/
163300,https://www.makorrishon.co.il/news/764718/
163338,https://www.makorrishon.co.il/news/article/162483
163340,https://www.makorrishon.co.il/news/article/162483
163534,https://www.makorrishon.co.il/news/local/article/161942
163535,https://www.makorrishon.co.il/news/local/article/161942
163537,https://www.makorrishon.co.il/news/defence/article/163395
163539,https://www.makorrishon.co.il/news/defence/article/163395
163548,
163548,
163548,
163548,
163548,
163548,
163564,https://www.makorrishon.co.il/tag/%D7%90%D7%9C%D7%99%D7%A9%D7%A2-%D7%9E%D7%93%D7%9F/
163564,https://www.makorrishon.co.il/tag/%D7%99%D7%97%D7%99%D7%90-%D7%A1%D7%99%D7%A0%D7%95%D7%95%D7%90%D7%A8/
163564,https://www.makorrishon.co.il/tag/%D7%91%D7%A0%D7%99%D7%9E%D7%99%D7%9F-%D7%A0%D7%AA%D7%A0%D7%99%D7%94%D7%95/
163571,https://www.makorrishon.co.il/tag/%D7%90%D7%9C%D7%99%D7%A9%D7%A2-%D7%9E%D7%93%D7%9F/
163571,https://www.makorrishon.co.il/tag/%D7%99%D7%97%D7%99%D7%90-%D7%A1%D7%99%D7%A0%D7%95%D7%95%D7%90%D7%A8/
163571,https://www.makorrishon.co.il/tag/%D7%91%D7%A0%D7%99%D7%9E%D7%99%D7%9F-%D7%A0%D7%AA%D7%A0%D7%99%D7%94%D7%95/
163572,https://www.makorrishon.co.il/tag/%D7%90%D7%99%D7%AA%D7%9E%D7%A8-%D7%91%D7%9F-%D7%92%D7%91%D7%99%D7%A8/
163572,https://www.makorrishon.co.il/tag/%D7%94%D7%99%D7%95%D7%A2%D7%9E%D7%A9%D7%99%D7%AA/
163579,https://www.makorrishon.co.il/news/local/article/161942
163581,https://www.makorrishon.co.il/tag/%D7%90%D7%99%D7%AA%D7%9E%D7%A8-%D7%91%D7%9F-%D7%92%D7%91%D7%99%D7%A8/
163581,https://www.makorrishon.co.il/tag/%D7%94%D7%99%D7%95%D7%A2%D7%9E%D7%A9%D7%99%D7%AA/
163657,https://www.makorrishon.co.il/wp-content/uploads/2025/04/%D7%91%D7%90%D7%A0%D7%A8-%D7%90%D7%AA%D7%A8-%D7%97%D7%93%D7%A9-01.jpg
163669,https://www.makorrishon.co.il/news/economy/article/163664
163843,https://www.makorrishon.co.il/tag/%D7%90%D7%9C%D7%99%D7%A9%D7%A2-%D7%9E%D7%93%D7%9F/
163843,https://www.makorrishon.co.il/tag/%D7%99%D7%97%D7%99%D7%90-%D7%A1%D7%99%D7%A0%D7%95%D7%95%D7%90%D7%A8/
163843,https://www.makorrishon.co.il/tag/%D7%91%D7%A0%D7%99%D7%9E%D7%99%D7%9F-%D7%A0%D7%AA%D7%A0%D7%99%D7%94%D7%95/
163872,https://www.makorrishon.co.il/tag/%D7%90%D7%99%D7%AA%D7%9E%D7%A8-%D7%91%D7%9F-%D7%92%D7%91%D7%99%D7%A8/
163872,https://www.makorrishon.co.il/tag/%D7%94%D7%99%D7%95%D7%A2%D7%9E%D7%A9%D7%99%D7%AA/
163881,https://www.makorrishon.co.il/tag/%D7%90%D7%99%D7%AA%D7%9E%D7%A8-%D7%91%D7%9F-%D7%92%D7%91%D7%99%D7%A8/
163881,https://www.makorrishon.co.il/tag/%D7%94%D7%99%D7%95%D7%A2%D7%9E%D7%A9%D7%99%D7%AA/
163944,
163944,
163944,
163944,
163944,
163944,
163944,
163946,
163946,
163946,
163946,
163946,
163946,
163946,
163946,
163946,
163946,
163946,
163946,
163949,
163949,
163949,
163949,
163949,
163949,
163949,
164014,
164014,
164015,
164015,
164030,
164032,
164206,
164206,
164206,
164206,
164206,
164206,
164206,
164206,
164206,
164206,
164206,
164206,
164206,
164206,
164206,
164206,
164206,
164206,
164206,
164206,
164206,
164206,
164206,
164206,
164206,
164206,
164245,
164245,
164245,
164245,
164245,
164245,
164245,
164245,
164245,
164245,
164245,
164245,
164245,
164245,
164245,
164245,
164245,
164245,
164245,
164245,
164245,
164245,
164245,
164245,
164245,
164245,
164246,
164246,
164246,
164246,
164246,
164246,
164246,
164246,
164246,
164246,
164246,
164246,
164246,
164246,
164246,
164246,
164246,
164246,
164246,
164246,
164246,
164246,
164246,
164246,
164246,
164246,
164264,
164264,
164264,
164264,
164264,
164264,
164264,
164264,
164264,
164264,
164264,
164264,
164264,
164264,
164264,
164264,
164264,
164264,
164264,
164264,
164264,
164264,
164264,
164264,
164264,https://www.makorrishon.co.il/news/807303/
164264,
164264,
164264,https://www.makorrishon.co.il/news/771662/
164264,
164264,
164264,
164264,
164264,
164264,
164264,
164264,
164264,
164264,
164264,
164264,
164264,
164264,
164264,
164264,
164264,
164264,
164264,
164264,
164264,
164264,https://www.makorrishon.co.il/news/defence/article/162303
164264,
164264,
164264,
164264,
164264,
164264,
164264,
164264,
164264,
164264,
164264,
164264,
164264,
164264,
164264,https://www.makorrishon.co.il/news/middleeast/article/162870
164264,
164264,
164264,
164264,
164264,
164264,https://www.makorrishon.co.il/international/830477/
164264,
164264,
164264,
164264,
164264,https://www.makorrishon.co.il/news/771662/
164264,https://www.makorrishon.co.il/news/764718/
164316,https://www.makorrishon.co.il/culture/music/article/162998
164332,https://www.makorrishon.co.il/culture/music/article/162998
164336,https://www.makorrishon.co.il/tag/%d7%9e%d7%97%d7%93%d7%9c-%d7%94%d7%97%d7%9c%d7%a4%d7%aa-%d7%94%d7%a2%d7%95%d7%91%d7%a8%d7%99%d7%9d
164338,https://www.makorrishon.co.il/culture/music/article/162998
164340,https://www.makorrishon.co.il/culture/music/article/162998
164344,https://www.makorrishon.co.il/tag/%d7%9e%d7%97%d7%93%d7%9c-%d7%94%d7%97%d7%9c%d7%a4%d7%aa-%d7%94%d7%a2%d7%95%d7%91%d7%a8%d7%99%d7%9d
164351,https://www.makorrishon.co.il/tag/%d7%9e%d7%97%d7%93%d7%9c-%d7%94%d7%97%d7%9c%d7%a4%d7%aa-%d7%94%d7%a2%d7%95%d7%91%d7%a8%d7%99%d7%9d
164352,https://www.makorrishon.co.il/tag/%d7%9e%d7%97%d7%93%d7%9c-%d7%94%d7%97%d7%9c%d7%a4%d7%aa-%d7%94%d7%a2%d7%95%d7%91%d7%a8%d7%99%d7%9d
164373,https://www.makorrishon.co.il/culture/music/article/162998
164397,https://www.makorrishon.co.il/news/defence/article/163695
164398,https://www.makorrishon.co.il/news/defence/article/163695
164432,https://www.makorrishon.co.il/news/828396/
164435,https://www.makorrishon.co.il/news/828396/
164437,https://www.makorrishon.co.il/news/defence/article/164432
164439,https://www.makorrishon.co.il/news/defence/article/164432
164440,https://www.makorrishon.co.il/news/defence/article/164432
164472,https://www.makorrishon.co.il/wp-admin/edit.php?post_type=post
164472,https://www.makorrishon.co.il/news/812028/
164477,https://www.makorrishon.co.il/news/812028/
164485,https://www.makorrishon.co.il/news/defence/article/164432
164486,https://www.makorrishon.co.il/news/812028/
164487,https://www.makorrishon.co.il/news/defence/article/164432
164546,
164549,
164561,https://www.makorrishon.co.il/news/defence/article/164439
164576,https://www.makorrishon.co.il/news/defence/article/164439
164580,https://www.makorrishon.co.il/news/defence/article/164439
164585,https://www.makorrishon.co.il/news/defence/article/164439
164592,https://www.makorrishon.co.il/news/defence/article/164439
164598,https://www.makorrishon.co.il/news/defence/article/164439
164601,https://www.makorrishon.co.il/news/defence/article/164439
164622,
164644,https://www.makorrishon.co.il/news/local/article/163534
164646,https://www.makorrishon.co.il/news/defence/article/164432
164649,https://www.makorrishon.co.il/news/defence/article/164432
164654,https://www.makorrishon.co.il/news/local/article/163534
164660,
164666,https://www.makorrishon.co.il/news/812028/
164667,https://www.makorrishon.co.il/wp-admin/edit.php?post_type=post
164667,https://www.makorrishon.co.il/news/812028/
164668,https://www.makorrishon.co.il/wp-admin/edit.php?post_type=post
164668,https://www.makorrishon.co.il/news/812028/
164712,
164712,
164712,
164712,
164712,
164712,
164712,
164712,
164712,
164712,
164712,
164712,
164712,
164712,
164712,
164712,
164712,
164712,
164712,
164712,
164712,
164712,
164712,
164712,
164712,
164712,
164716,
164716,
164716,
164716,
164716,
164716,
164716,
164716,
164716,
164716,
164716,
164716,
164716,
164716,
164716,
164716,
164716,
164716,
164716,
164716,
164716,
164716,
164716,
164716,
164716,
164716,
164720,
164720,
164720,
164720,
164720,
164720,
164720,
164720,
164720,
164720,
164720,
164720,
164720,
164720,
164720,
164720,
164720,
164720,
164720,
164720,
164720,
164720,
164720,
164720,
164720,
164720,
164745,https://www.makorrishon.co.il/opinions/article/158020
164745,https://www.makorrishon.co.il/news/defence/article/162303
164756,https://www.makorrishon.co.il/opinions/article/158020
164756,https://www.makorrishon.co.il/news/defence/article/162303
164782,https://www.makorrishon.co.il/opinions/article/158020
164782,https://www.makorrishon.co.il/news/defence/article/162303
164786,https://www.makorrishon.co.il/opinions/article/158020
164786,https://www.makorrishon.co.il/news/defence/article/162303
164791,https://www.makorrishon.co.il/opinions/article/158020
164791,https://www.makorrishon.co.il/news/defence/article/162303
164797,
164810,https://www.makorrishon.co.il/news/economy/article/163664
164812,https://www.makorrishon.co.il/news/economy/article/163664
164827,
164827,
164827,
164827,
164827,
164827,
164827,
164827,
164827,
164827,
164827,
164827,
164827,
164827,
164827,
164827,
164827,
164827,
164827,
164827,
164827,
164827,
164827,
164827,
164827,
164827,
164832,
164832,
164832,
164832,
164832,
164832,
164832,
164832,
164832,
164832,
164832,
164832,
164832,
164832,
164832,
164832,
164832,
164832,
164832,
164832,
164832,
164832,
164832,
164832,
164832,
164832,
164841,
164841,
164841,
164841,
164841,
164841,
164841,
164841,
164841,
164841,
164841,
164841,
164841,
164841,
164841,
164841,
164841,
164841,
164841,
164841,
164841,
164841,
164841,
164841,
164841,
164841,
164846,
164846,
164846,
164846,
164846,
164846,
164847,
164847,
164847,
164847,
164847,
164847,
164847,
164847,
164847,
164847,
164847,
164847,
164847,
164847,
164847,
164847,
164847,
164847,
164847,
164847,
164847,
164847,
164847,
164847,
164847,
164847,
164849,
164849,
164849,
164849,
164849,
164849,
164850,
164851,
164851,
164851,
164851,
164851,
164851,
164851,
164851,
164851,
164851,
164851,
164851,
164851,
164851,
164851,
164851,
164851,
164851,
164851,
164851,
164851,
164851,
164853,
164853,
164853,
164853,
164853,
164853,
164856,
164857,
164857,
164857,
164857,
164857,
164857,
164857,
164857,
164857,
164857,
164857,
164857,
164857,
164857,
164857,
164857,
164857,
164857,
164857,
164857,
164857,
164857,
164858,
164858,
164858,
164858,
164858,
164858,
164858,
164858,
164858,
164858,
164858,
164858,
164858,
164858,
164858,
164858,
164858,
164858,
164858,
164858,
164858,
164858,
164858,
164858,
164858,
164858,
164872,
164874,https://www.makorrishon.co.il/news/world-news/article/159066
164878,https://www.makorrishon.co.il/opinions/article/158020
164878,https://www.makorrishon.co.il/news/defence/article/162303
164880,https://www.makorrishon.co.il/opinions/article/158020
164880,https://www.makorrishon.co.il/news/defence/article/162303
164924,
164925,https://www.makorrishon.co.il/news/575071/
164928,https://www.makorrishon.co.il/news/world-news/article/159066
164932,https://www.makorrishon.co.il/news/575071/
